allenamenti_settimana;cadenza_checkin;canale;mese_iscrizione;mesi_pagati;mensile_equivalente_eur;totale_pieno_eur;sconto_pct;totale_scontato_eur
2;bimestre;presenza;Gennaio;6;51;306;10;275,40
2;bimestre;presenza;Febbraio;5;51;255;10;229,50
2;bimestre;presenza;Marzo;4;51;204;10;183,60
2;bimestre;presenza;Aprile;3;51;153;10;137,70
2;bimestre;presenza;Maggio;2;51;102;10;91,80
2;bimestre;presenza;Giugno;1;51;51;10;45,90
2;bimestre;presenza;Luglio;10;51;510;15;433,50
2;bimestre;presenza;Agosto;10;51;510;15;433,50
2;bimestre;presenza;Settembre;10;51;510;15;433,50
2;bimestre;presenza;Ottobre;9;51;459;15;390,15
2;bimestre;presenza;Novembre;8;51;408;15;346,80
2;bimestre;presenza;Dicembre;7;51;357;15;303,45
2;bimestre;remoto;Gennaio;6;46;276;10;248,40
2;bimestre;remoto;Febbraio;5;46;230;10;207
2;bimestre;remoto;Marzo;4;46;184;10;165,60
2;bimestre;remoto;Aprile;3;46;138;10;124,20
2;bimestre;remoto;Maggio;2;46;92;10;82,80
2;bimestre;remoto;Giugno;1;46;46;10;41,40
2;bimestre;remoto;Luglio;10;46;460;15;391
2;bimestre;remoto;Agosto;10;46;460;15;391
2;bimestre;remoto;Settembre;10;46;460;15;391
2;bimestre;remoto;Ottobre;9;46;414;15;351,90
2;bimestre;remoto;Novembre;8;46;368;15;312,80
2;bimestre;remoto;Dicembre;7;46;322;15;273,70
2;mensile;presenza;Gennaio;6;67;402;10;361,80
2;mensile;presenza;Febbraio;5;67;335;10;301,50
2;mensile;presenza;Marzo;4;67;268;10;241,20
2;mensile;presenza;Aprile;3;67;201;10;180,90
2;mensile;presenza;Maggio;2;67;134;10;120,60
2;mensile;presenza;Giugno;1;67;67;10;60,30
2;mensile;presenza;Luglio;10;67;670;15;569,50
2;mensile;presenza;Agosto;10;67;670;15;569,50
2;mensile;presenza;Settembre;10;67;670;15;569,50
2;mensile;presenza;Ottobre;9;67;603;15;512,55
2;mensile;presenza;Novembre;8;67;536;15;455,60
2;mensile;presenza;Dicembre;7;67;469;15;398,65
2;mensile;remoto;Gennaio;6;57;342;10;307,80
2;mensile;remoto;Febbraio;5;57;285;10;256,50
2;mensile;remoto;Marzo;4;57;228;10;205,20
2;mensile;remoto;Aprile;3;57;171;10;153,90
2;mensile;remoto;Maggio;2;57;114;10;102,60
2;mensile;remoto;Giugno;1;57;57;10;51,30
2;mensile;remoto;Luglio;10;57;570;15;484,50
2;mensile;remoto;Agosto;10;57;570;15;484,50
2;mensile;remoto;Settembre;10;57;570;15;484,50
2;mensile;remoto;Ottobre;9;57;513;15;436,05
2;mensile;remoto;Novembre;8;57;456;15;387,60
2;mensile;remoto;Dicembre;7;57;399;15;339,15
2;bisettimanale;presenza;Gennaio;6;95;570;10;513
2;bisettimanale;presenza;Febbraio;5;95;475;10;427,50
2;bisettimanale;presenza;Marzo;4;95;380;10;342
2;bisettimanale;presenza;Aprile;3;95;285;10;256,50
2;bisettimanale;presenza;Maggio;2;95;190;10;171
2;bisettimanale;presenza;Giugno;1;95;95;10;85,50
2;bisettimanale;presenza;Luglio;10;95;950;15;807,50
2;bisettimanale;presenza;Agosto;10;95;950;15;807,50
2;bisettimanale;presenza;Settembre;10;95;950;15;807,50
2;bisettimanale;presenza;Ottobre;9;95;855;15;726,75
2;bisettimanale;presenza;Novembre;8;95;760;15;646
2;bisettimanale;presenza;Dicembre;7;95;665;15;565,25
2;bisettimanale;remoto;Gennaio;6;76;456;10;410,40
2;bisettimanale;remoto;Febbraio;5;76;380;10;342
2;bisettimanale;remoto;Marzo;4;76;304;10;273,60
2;bisettimanale;remoto;Aprile;3;76;228;10;205,20
2;bisettimanale;remoto;Maggio;2;76;152;10;136,80
2;bisettimanale;remoto;Giugno;1;76;76;10;68,40
2;bisettimanale;remoto;Luglio;10;76;760;15;646
2;bisettimanale;remoto;Agosto;10;76;760;15;646
2;bisettimanale;remoto;Settembre;10;76;760;15;646
2;bisettimanale;remoto;Ottobre;9;76;684;15;581,40
2;bisettimanale;remoto;Novembre;8;76;608;15;516,80
2;bisettimanale;remoto;Dicembre;7;76;532;15;452,20
2;settimanale;presenza;Gennaio;6;148;888;10;799,20
2;settimanale;presenza;Febbraio;5;148;740;10;666
2;settimanale;presenza;Marzo;4;148;592;10;532,80
2;settimanale;presenza;Aprile;3;148;444;10;399,60
2;settimanale;presenza;Maggio;2;148;296;10;266,40
2;settimanale;presenza;Giugno;1;148;148;10;133,20
2;settimanale;presenza;Luglio;10;148;1480;15;1258
2;settimanale;presenza;Agosto;10;148;1480;15;1258
2;settimanale;presenza;Settembre;10;148;1480;15;1258
2;settimanale;presenza;Ottobre;9;148;1332;15;1132,20
2;settimanale;presenza;Novembre;8;148;1184;15;1006,40
2;settimanale;presenza;Dicembre;7;148;1036;15;880,60
2;settimanale;remoto;Gennaio;6;112;672;10;604,80
2;settimanale;remoto;Febbraio;5;112;560;10;504
2;settimanale;remoto;Marzo;4;112;448;10;403,20
2;settimanale;remoto;Aprile;3;112;336;10;302,40
2;settimanale;remoto;Maggio;2;112;224;10;201,60
2;settimanale;remoto;Giugno;1;112;112;10;100,80
2;settimanale;remoto;Luglio;10;112;1120;15;952
2;settimanale;remoto;Agosto;10;112;1120;15;952
2;settimanale;remoto;Settembre;10;112;1120;15;952
2;settimanale;remoto;Ottobre;9;112;1008;15;856,80
2;settimanale;remoto;Novembre;8;112;896;15;761,60
2;settimanale;remoto;Dicembre;7;112;784;15;666,40
3;bimestre;presenza;Gennaio;6;60;360;10;324
3;bimestre;presenza;Febbraio;5;60;300;10;270
3;bimestre;presenza;Marzo;4;60;240;10;216
3;bimestre;presenza;Aprile;3;60;180;10;162
3;bimestre;presenza;Maggio;2;60;120;10;108
3;bimestre;presenza;Giugno;1;60;60;10;54
3;bimestre;presenza;Luglio;10;60;600;15;510
3;bimestre;presenza;Agosto;10;60;600;15;510
3;bimestre;presenza;Settembre;10;60;600;15;510
3;bimestre;presenza;Ottobre;9;60;540;15;459
3;bimestre;presenza;Novembre;8;60;480;15;408
3;bimestre;presenza;Dicembre;7;60;420;15;357
3;bimestre;remoto;Gennaio;6;55;330;10;297
3;bimestre;remoto;Febbraio;5;55;275;10;247,50
3;bimestre;remoto;Marzo;4;55;220;10;198
3;bimestre;remoto;Aprile;3;55;165;10;148,50
3;bimestre;remoto;Maggio;2;55;110;10;99
3;bimestre;remoto;Giugno;1;55;55;10;49,50
3;bimestre;remoto;Luglio;10;55;550;15;467,50
3;bimestre;remoto;Agosto;10;55;550;15;467,50
3;bimestre;remoto;Settembre;10;55;550;15;467,50
3;bimestre;remoto;Ottobre;9;55;495;15;420,75
3;bimestre;remoto;Novembre;8;55;440;15;374
3;bimestre;remoto;Dicembre;7;55;385;15;327,25
3;mensile;presenza;Gennaio;6;76;456;10;410,40
3;mensile;presenza;Febbraio;5;76;380;10;342
3;mensile;presenza;Marzo;4;76;304;10;273,60
3;mensile;presenza;Aprile;3;76;228;10;205,20
3;mensile;presenza;Maggio;2;76;152;10;136,80
3;mensile;presenza;Giugno;1;76;76;10;68,40
3;mensile;presenza;Luglio;10;76;760;15;646
3;mensile;presenza;Agosto;10;76;760;15;646
3;mensile;presenza;Settembre;10;76;760;15;646
3;mensile;presenza;Ottobre;9;76;684;15;581,40
3;mensile;presenza;Novembre;8;76;608;15;516,80
3;mensile;presenza;Dicembre;7;76;532;15;452,20
3;mensile;remoto;Gennaio;6;66;396;10;356,40
3;mensile;remoto;Febbraio;5;66;330;10;297
3;mensile;remoto;Marzo;4;66;264;10;237,60
3;mensile;remoto;Aprile;3;66;198;10;178,20
3;mensile;remoto;Maggio;2;66;132;10;118,80
3;mensile;remoto;Giugno;1;66;66;10;59,40
3;mensile;remoto;Luglio;10;66;660;15;561
3;mensile;remoto;Agosto;10;66;660;15;561
3;mensile;remoto;Settembre;10;66;660;15;561
3;mensile;remoto;Ottobre;9;66;594;15;504,90
3;mensile;remoto;Novembre;8;66;528;15;448,80
3;mensile;remoto;Dicembre;7;66;462;15;392,70
3;bisettimanale;presenza;Gennaio;6;104;624;10;561,60
3;bisettimanale;presenza;Febbraio;5;104;520;10;468
3;bisettimanale;presenza;Marzo;4;104;416;10;374,40
3;bisettimanale;presenza;Aprile;3;104;312;10;280,80
3;bisettimanale;presenza;Maggio;2;104;208;10;187,20
3;bisettimanale;presenza;Giugno;1;104;104;10;93,60
3;bisettimanale;presenza;Luglio;10;104;1040;15;884
3;bisettimanale;presenza;Agosto;10;104;1040;15;884
3;bisettimanale;presenza;Settembre;10;104;1040;15;884
3;bisettimanale;presenza;Ottobre;9;104;936;15;795,60
3;bisettimanale;presenza;Novembre;8;104;832;15;707,20
3;bisettimanale;presenza;Dicembre;7;104;728;15;618,80
3;bisettimanale;remoto;Gennaio;6;85;510;10;459
3;bisettimanale;remoto;Febbraio;5;85;425;10;382,50
3;bisettimanale;remoto;Marzo;4;85;340;10;306
3;bisettimanale;remoto;Aprile;3;85;255;10;229,50
3;bisettimanale;remoto;Maggio;2;85;170;10;153
3;bisettimanale;remoto;Giugno;1;85;85;10;76,50
3;bisettimanale;remoto;Luglio;10;85;850;15;722,50
3;bisettimanale;remoto;Agosto;10;85;850;15;722,50
3;bisettimanale;remoto;Settembre;10;85;850;15;722,50
3;bisettimanale;remoto;Ottobre;9;85;765;15;650,25
3;bisettimanale;remoto;Novembre;8;85;680;15;578
3;bisettimanale;remoto;Dicembre;7;85;595;15;505,75
3;settimanale;presenza;Gennaio;6;157;942;10;847,80
3;settimanale;presenza;Febbraio;5;157;785;10;706,50
3;settimanale;presenza;Marzo;4;157;628;10;565,20
3;settimanale;presenza;Aprile;3;157;471;10;423,90
3;settimanale;presenza;Maggio;2;157;314;10;282,60
3;settimanale;presenza;Giugno;1;157;157;10;141,30
3;settimanale;presenza;Luglio;10;157;1570;15;1334,50
3;settimanale;presenza;Agosto;10;157;1570;15;1334,50
3;settimanale;presenza;Settembre;10;157;1570;15;1334,50
3;settimanale;presenza;Ottobre;9;157;1413;15;1201,05
3;settimanale;presenza;Novembre;8;157;1256;15;1067,60
3;settimanale;presenza;Dicembre;7;157;1099;15;934,15
3;settimanale;remoto;Gennaio;6;121;726;10;653,40
3;settimanale;remoto;Febbraio;5;121;605;10;544,50
3;settimanale;remoto;Marzo;4;121;484;10;435,60
3;settimanale;remoto;Aprile;3;121;363;10;326,70
3;settimanale;remoto;Maggio;2;121;242;10;217,80
3;settimanale;remoto;Giugno;1;121;121;10;108,90
3;settimanale;remoto;Luglio;10;121;1210;15;1028,50
3;settimanale;remoto;Agosto;10;121;1210;15;1028,50
3;settimanale;remoto;Settembre;10;121;1210;15;1028,50
3;settimanale;remoto;Ottobre;9;121;1089;15;925,65
3;settimanale;remoto;Novembre;8;121;968;15;822,80
3;settimanale;remoto;Dicembre;7;121;847;15;719,95
4;bimestre;presenza;Gennaio;6;68;408;10;367,20
4;bimestre;presenza;Febbraio;5;68;340;10;306
4;bimestre;presenza;Marzo;4;68;272;10;244,80
4;bimestre;presenza;Aprile;3;68;204;10;183,60
4;bimestre;presenza;Maggio;2;68;136;10;122,40
4;bimestre;presenza;Giugno;1;68;68;10;61,20
4;bimestre;presenza;Luglio;10;68;680;15;578
4;bimestre;presenza;Agosto;10;68;680;15;578
4;bimestre;presenza;Settembre;10;68;680;15;578
4;bimestre;presenza;Ottobre;9;68;612;15;520,20
4;bimestre;presenza;Novembre;8;68;544;15;462,40
4;bimestre;presenza;Dicembre;7;68;476;15;404,60
4;bimestre;remoto;Gennaio;6;63;378;10;340,20
4;bimestre;remoto;Febbraio;5;63;315;10;283,50
4;bimestre;remoto;Marzo;4;63;252;10;226,80
4;bimestre;remoto;Aprile;3;63;189;10;170,10
4;bimestre;remoto;Maggio;2;63;126;10;113,40
4;bimestre;remoto;Giugno;1;63;63;10;56,70
4;bimestre;remoto;Luglio;10;63;630;15;535,50
4;bimestre;remoto;Agosto;10;63;630;15;535,50
4;bimestre;remoto;Settembre;10;63;630;15;535,50
4;bimestre;remoto;Ottobre;9;63;567;15;481,95
4;bimestre;remoto;Novembre;8;63;504;15;428,40
4;bimestre;remoto;Dicembre;7;63;441;15;374,85
4;mensile;presenza;Gennaio;6;84;504;10;453,60
4;mensile;presenza;Febbraio;5;84;420;10;378
4;mensile;presenza;Marzo;4;84;336;10;302,40
4;mensile;presenza;Aprile;3;84;252;10;226,80
4;mensile;presenza;Maggio;2;84;168;10;151,20
4;mensile;presenza;Giugno;1;84;84;10;75,60
4;mensile;presenza;Luglio;10;84;840;15;714
4;mensile;presenza;Agosto;10;84;840;15;714
4;mensile;presenza;Settembre;10;84;840;15;714
4;mensile;presenza;Ottobre;9;84;756;15;642,60
4;mensile;presenza;Novembre;8;84;672;15;571,20
4;mensile;presenza;Dicembre;7;84;588;15;499,80
4;mensile;remoto;Gennaio;6;74;444;10;399,60
4;mensile;remoto;Febbraio;5;74;370;10;333
4;mensile;remoto;Marzo;4;74;296;10;266,40
4;mensile;remoto;Aprile;3;74;222;10;199,80
4;mensile;remoto;Maggio;2;74;148;10;133,20
4;mensile;remoto;Giugno;1;74;74;10;66,60
4;mensile;remoto;Luglio;10;74;740;15;629
4;mensile;remoto;Agosto;10;74;740;15;629
4;mensile;remoto;Settembre;10;74;740;15;629
4;mensile;remoto;Ottobre;9;74;666;15;566,10
4;mensile;remoto;Novembre;8;74;592;15;503,20
4;mensile;remoto;Dicembre;7;74;518;15;440,30
4;bisettimanale;presenza;Gennaio;6;112;672;10;604,80
4;bisettimanale;presenza;Febbraio;5;112;560;10;504
4;bisettimanale;presenza;Marzo;4;112;448;10;403,20
4;bisettimanale;presenza;Aprile;3;112;336;10;302,40
4;bisettimanale;presenza;Maggio;2;112;224;10;201,60
4;bisettimanale;presenza;Giugno;1;112;112;10;100,80
4;bisettimanale;presenza;Luglio;10;112;1120;15;952
4;bisettimanale;presenza;Agosto;10;112;1120;15;952
4;bisettimanale;presenza;Settembre;10;112;1120;15;952
4;bisettimanale;presenza;Ottobre;9;112;1008;15;856,80
4;bisettimanale;presenza;Novembre;8;112;896;15;761,60
4;bisettimanale;presenza;Dicembre;7;112;784;15;666,40
4;bisettimanale;remoto;Gennaio;6;93;558;10;502,20
4;bisettimanale;remoto;Febbraio;5;93;465;10;418,50
4;bisettimanale;remoto;Marzo;4;93;372;10;334,80
4;bisettimanale;remoto;Aprile;3;93;279;10;251,10
4;bisettimanale;remoto;Maggio;2;93;186;10;167,40
4;bisettimanale;remoto;Giugno;1;93;93;10;83,70
4;bisettimanale;remoto;Luglio;10;93;930;15;790,50
4;bisettimanale;remoto;Agosto;10;93;930;15;790,50
4;bisettimanale;remoto;Settembre;10;93;930;15;790,50
4;bisettimanale;remoto;Ottobre;9;93;837;15;711,45
4;bisettimanale;remoto;Novembre;8;93;744;15;632,40
4;bisettimanale;remoto;Dicembre;7;93;651;15;553,35
4;settimanale;presenza;Gennaio;6;165;990;10;891
4;settimanale;presenza;Febbraio;5;165;825;10;742,50
4;settimanale;presenza;Marzo;4;165;660;10;594
4;settimanale;presenza;Aprile;3;165;495;10;445,50
4;settimanale;presenza;Maggio;2;165;330;10;297
4;settimanale;presenza;Giugno;1;165;165;10;148,50
4;settimanale;presenza;Luglio;10;165;1650;15;1402,50
4;settimanale;presenza;Agosto;10;165;1650;15;1402,50
4;settimanale;presenza;Settembre;10;165;1650;15;1402,50
4;settimanale;presenza;Ottobre;9;165;1485;15;1262,25
4;settimanale;presenza;Novembre;8;165;1320;15;1122
4;settimanale;presenza;Dicembre;7;165;1155;15;981,75
4;settimanale;remoto;Gennaio;6;129;774;10;696,60
4;settimanale;remoto;Febbraio;5;129;645;10;580,50
4;settimanale;remoto;Marzo;4;129;516;10;464,40
4;settimanale;remoto;Aprile;3;129;387;10;348,30
4;settimanale;remoto;Maggio;2;129;258;10;232,20
4;settimanale;remoto;Giugno;1;129;129;10;116,10
4;settimanale;remoto;Luglio;10;129;1290;15;1096,50
4;settimanale;remoto;Agosto;10;129;1290;15;1096,50
4;settimanale;remoto;Settembre;10;129;1290;15;1096,50
4;settimanale;remoto;Ottobre;9;129;1161;15;986,85
4;settimanale;remoto;Novembre;8;129;1032;15;877,20
4;settimanale;remoto;Dicembre;7;129;903;15;767,55
5;bimestre;presenza;Gennaio;6;75;450;10;405
5;bimestre;presenza;Febbraio;5;75;375;10;337,50
5;bimestre;presenza;Marzo;4;75;300;10;270
5;bimestre;presenza;Aprile;3;75;225;10;202,50
5;bimestre;presenza;Maggio;2;75;150;10;135
5;bimestre;presenza;Giugno;1;75;75;10;67,50
5;bimestre;presenza;Luglio;10;75;750;15;637,50
5;bimestre;presenza;Agosto;10;75;750;15;637,50
5;bimestre;presenza;Settembre;10;75;750;15;637,50
5;bimestre;presenza;Ottobre;9;75;675;15;573,75
5;bimestre;presenza;Novembre;8;75;600;15;510
5;bimestre;presenza;Dicembre;7;75;525;15;446,25
5;bimestre;remoto;Gennaio;6;70;420;10;378
5;bimestre;remoto;Febbraio;5;70;350;10;315
5;bimestre;remoto;Marzo;4;70;280;10;252
5;bimestre;remoto;Aprile;3;70;210;10;189
5;bimestre;remoto;Maggio;2;70;140;10;126
5;bimestre;remoto;Giugno;1;70;70;10;63
5;bimestre;remoto;Luglio;10;70;700;15;595
5;bimestre;remoto;Agosto;10;70;700;15;595
5;bimestre;remoto;Settembre;10;70;700;15;595
5;bimestre;remoto;Ottobre;9;70;630;15;535,50
5;bimestre;remoto;Novembre;8;70;560;15;476
5;bimestre;remoto;Dicembre;7;70;490;15;416,50
5;mensile;presenza;Gennaio;6;91;546;10;491,40
5;mensile;presenza;Febbraio;5;91;455;10;409,50
5;mensile;presenza;Marzo;4;91;364;10;327,60
5;mensile;presenza;Aprile;3;91;273;10;245,70
5;mensile;presenza;Maggio;2;91;182;10;163,80
5;mensile;presenza;Giugno;1;91;91;10;81,90
5;mensile;presenza;Luglio;10;91;910;15;773,50
5;mensile;presenza;Agosto;10;91;910;15;773,50
5;mensile;presenza;Settembre;10;91;910;15;773,50
5;mensile;presenza;Ottobre;9;91;819;15;696,15
5;mensile;presenza;Novembre;8;91;728;15;618,80
5;mensile;presenza;Dicembre;7;91;637;15;541,45
5;mensile;remoto;Gennaio;6;81;486;10;437,40
5;mensile;remoto;Febbraio;5;81;405;10;364,50
5;mensile;remoto;Marzo;4;81;324;10;291,60
5;mensile;remoto;Aprile;3;81;243;10;218,70
5;mensile;remoto;Maggio;2;81;162;10;145,80
5;mensile;remoto;Giugno;1;81;81;10;72,90
5;mensile;remoto;Luglio;10;81;810;15;688,50
5;mensile;remoto;Agosto;10;81;810;15;688,50
5;mensile;remoto;Settembre;10;81;810;15;688,50
5;mensile;remoto;Ottobre;9;81;729;15;619,65
5;mensile;remoto;Novembre;8;81;648;15;550,80
5;mensile;remoto;Dicembre;7;81;567;15;481,95
5;bisettimanale;presenza;Gennaio;6;119;714;10;642,60
5;bisettimanale;presenza;Febbraio;5;119;595;10;535,50
5;bisettimanale;presenza;Marzo;4;119;476;10;428,40
5;bisettimanale;presenza;Aprile;3;119;357;10;321,30
5;bisettimanale;presenza;Maggio;2;119;238;10;214,20
5;bisettimanale;presenza;Giugno;1;119;119;10;107,10
5;bisettimanale;presenza;Luglio;10;119;1190;15;1011,50
5;bisettimanale;presenza;Agosto;10;119;1190;15;1011,50
5;bisettimanale;presenza;Settembre;10;119;1190;15;1011,50
5;bisettimanale;presenza;Ottobre;9;119;1071;15;910,35
5;bisettimanale;presenza;Novembre;8;119;952;15;809,20
5;bisettimanale;presenza;Dicembre;7;119;833;15;708,05
5;bisettimanale;remoto;Gennaio;6;100;600;10;540
5;bisettimanale;remoto;Febbraio;5;100;500;10;450
5;bisettimanale;remoto;Marzo;4;100;400;10;360
5;bisettimanale;remoto;Aprile;3;100;300;10;270
5;bisettimanale;remoto;Maggio;2;100;200;10;180
5;bisettimanale;remoto;Giugno;1;100;100;10;90
5;bisettimanale;remoto;Luglio;10;100;1000;15;850
5;bisettimanale;remoto;Agosto;10;100;1000;15;850
5;bisettimanale;remoto;Settembre;10;100;1000;15;850
5;bisettimanale;remoto;Ottobre;9;100;900;15;765
5;bisettimanale;remoto;Novembre;8;100;800;15;680
5;bisettimanale;remoto;Dicembre;7;100;700;15;595
5;settimanale;presenza;Gennaio;6;172;1032;10;928,80
5;settimanale;presenza;Febbraio;5;172;860;10;774
5;settimanale;presenza;Marzo;4;172;688;10;619,20
5;settimanale;presenza;Aprile;3;172;516;10;464,40
5;settimanale;presenza;Maggio;2;172;344;10;309,60
5;settimanale;presenza;Giugno;1;172;172;10;154,80
5;settimanale;presenza;Luglio;10;172;1720;15;1462
5;settimanale;presenza;Agosto;10;172;1720;15;1462
5;settimanale;presenza;Settembre;10;172;1720;15;1462
5;settimanale;presenza;Ottobre;9;172;1548;15;1315,80
5;settimanale;presenza;Novembre;8;172;1376;15;1169,60
5;settimanale;presenza;Dicembre;7;172;1204;15;1023,40
5;settimanale;remoto;Gennaio;6;136;816;10;734,40
5;settimanale;remoto;Febbraio;5;136;680;10;612
5;settimanale;remoto;Marzo;4;136;544;10;489,60
5;settimanale;remoto;Aprile;3;136;408;10;367,20
5;settimanale;remoto;Maggio;2;136;272;10;244,80
5;settimanale;remoto;Giugno;1;136;136;10;122,40
5;settimanale;remoto;Luglio;10;136;1360;15;1156
5;settimanale;remoto;Agosto;10;136;1360;15;1156
5;settimanale;remoto;Settembre;10;136;1360;15;1156
5;settimanale;remoto;Ottobre;9;136;1224;15;1040,40
5;settimanale;remoto;Novembre;8;136;1088;15;924,80
5;settimanale;remoto;Dicembre;7;136;952;15;809,20
6;bimestre;presenza;Gennaio;6;81;486;10;437,40
6;bimestre;presenza;Febbraio;5;81;405;10;364,50
6;bimestre;presenza;Marzo;4;81;324;10;291,60
6;bimestre;presenza;Aprile;3;81;243;10;218,70
6;bimestre;presenza;Maggio;2;81;162;10;145,80
6;bimestre;presenza;Giugno;1;81;81;10;72,90
6;bimestre;presenza;Luglio;10;81;810;15;688,50
6;bimestre;presenza;Agosto;10;81;810;15;688,50
6;bimestre;presenza;Settembre;10;81;810;15;688,50
6;bimestre;presenza;Ottobre;9;81;729;15;619,65
6;bimestre;presenza;Novembre;8;81;648;15;550,80
6;bimestre;presenza;Dicembre;7;81;567;15;481,95
6;bimestre;remoto;Gennaio;6;76;456;10;410,40
6;bimestre;remoto;Febbraio;5;76;380;10;342
6;bimestre;remoto;Marzo;4;76;304;10;273,60
6;bimestre;remoto;Aprile;3;76;228;10;205,20
6;bimestre;remoto;Maggio;2;76;152;10;136,80
6;bimestre;remoto;Giugno;1;76;76;10;68,40
6;bimestre;remoto;Luglio;10;76;760;15;646
6;bimestre;remoto;Agosto;10;76;760;15;646
6;bimestre;remoto;Settembre;10;76;760;15;646
6;bimestre;remoto;Ottobre;9;76;684;15;581,40
6;bimestre;remoto;Novembre;8;76;608;15;516,80
6;bimestre;remoto;Dicembre;7;76;532;15;452,20
6;mensile;presenza;Gennaio;6;97;582;10;523,80
6;mensile;presenza;Febbraio;5;97;485;10;436,50
6;mensile;presenza;Marzo;4;97;388;10;349,20
6;mensile;presenza;Aprile;3;97;291;10;261,90
6;mensile;presenza;Maggio;2;97;194;10;174,60
6;mensile;presenza;Giugno;1;97;97;10;87,30
6;mensile;presenza;Luglio;10;97;970;15;824,50
6;mensile;presenza;Agosto;10;97;970;15;824,50
6;mensile;presenza;Settembre;10;97;970;15;824,50
6;mensile;presenza;Ottobre;9;97;873;15;742,05
6;mensile;presenza;Novembre;8;97;776;15;659,60
6;mensile;presenza;Dicembre;7;97;679;15;577,15
6;mensile;remoto;Gennaio;6;87;522;10;469,80
6;mensile;remoto;Febbraio;5;87;435;10;391,50
6;mensile;remoto;Marzo;4;87;348;10;313,20
6;mensile;remoto;Aprile;3;87;261;10;234,90
6;mensile;remoto;Maggio;2;87;174;10;156,60
6;mensile;remoto;Giugno;1;87;87;10;78,30
6;mensile;remoto;Luglio;10;87;870;15;739,50
6;mensile;remoto;Agosto;10;87;870;15;739,50
6;mensile;remoto;Settembre;10;87;870;15;739,50
6;mensile;remoto;Ottobre;9;87;783;15;665,55
6;mensile;remoto;Novembre;8;87;696;15;591,60
6;mensile;remoto;Dicembre;7;87;609;15;517,65
6;bisettimanale;presenza;Gennaio;6;125;750;10;675
6;bisettimanale;presenza;Febbraio;5;125;625;10;562,50
6;bisettimanale;presenza;Marzo;4;125;500;10;450
6;bisettimanale;presenza;Aprile;3;125;375;10;337,50
6;bisettimanale;presenza;Maggio;2;125;250;10;225
6;bisettimanale;presenza;Giugno;1;125;125;10;112,50
6;bisettimanale;presenza;Luglio;10;125;1250;15;1062,50
6;bisettimanale;presenza;Agosto;10;125;1250;15;1062,50
6;bisettimanale;presenza;Settembre;10;125;1250;15;1062,50
6;bisettimanale;presenza;Ottobre;9;125;1125;15;956,25
6;bisettimanale;presenza;Novembre;8;125;1000;15;850
6;bisettimanale;presenza;Dicembre;7;125;875;15;743,75
6;bisettimanale;remoto;Gennaio;6;106;636;10;572,40
6;bisettimanale;remoto;Febbraio;5;106;530;10;477
6;bisettimanale;remoto;Marzo;4;106;424;10;381,60
6;bisettimanale;remoto;Aprile;3;106;318;10;286,20
6;bisettimanale;remoto;Maggio;2;106;212;10;190,80
6;bisettimanale;remoto;Giugno;1;106;106;10;95,40
6;bisettimanale;remoto;Luglio;10;106;1060;15;901
6;bisettimanale;remoto;Agosto;10;106;1060;15;901
6;bisettimanale;remoto;Settembre;10;106;1060;15;901
6;bisettimanale;remoto;Ottobre;9;106;954;15;810,90
6;bisettimanale;remoto;Novembre;8;106;848;15;720,80
6;bisettimanale;remoto;Dicembre;7;106;742;15;630,70
6;settimanale;presenza;Gennaio;6;178;1068;10;961,20
6;settimanale;presenza;Febbraio;5;178;890;10;801
6;settimanale;presenza;Marzo;4;178;712;10;640,80
6;settimanale;presenza;Aprile;3;178;534;10;480,60
6;settimanale;presenza;Maggio;2;178;356;10;320,40
6;settimanale;presenza;Giugno;1;178;178;10;160,20
6;settimanale;presenza;Luglio;10;178;1780;15;1513
6;settimanale;presenza;Agosto;10;178;1780;15;1513
6;settimanale;presenza;Settembre;10;178;1780;15;1513
6;settimanale;presenza;Ottobre;9;178;1602;15;1361,70
6;settimanale;presenza;Novembre;8;178;1424;15;1210,40
6;settimanale;presenza;Dicembre;7;178;1246;15;1059,10
6;settimanale;remoto;Gennaio;6;142;852;10;766,80
6;settimanale;remoto;Febbraio;5;142;710;10;639
6;settimanale;remoto;Marzo;4;142;568;10;511,20
6;settimanale;remoto;Aprile;3;142;426;10;383,40
6;settimanale;remoto;Maggio;2;142;284;10;255,60
6;settimanale;remoto;Giugno;1;142;142;10;127,80
6;settimanale;remoto;Luglio;10;142;1420;15;1207
6;settimanale;remoto;Agosto;10;142;1420;15;1207
6;settimanale;remoto;Settembre;10;142;1420;15;1207
6;settimanale;remoto;Ottobre;9;142;1278;15;1086,30
6;settimanale;remoto;Novembre;8;142;1136;15;965,60
6;settimanale;remoto;Dicembre;7;142;994;15;844,90
7;bimestre;presenza;Gennaio;6;86;516;10;464,40
7;bimestre;presenza;Febbraio;5;86;430;10;387
7;bimestre;presenza;Marzo;4;86;344;10;309,60
7;bimestre;presenza;Aprile;3;86;258;10;232,20
7;bimestre;presenza;Maggio;2;86;172;10;154,80
7;bimestre;presenza;Giugno;1;86;86;10;77,40
7;bimestre;presenza;Luglio;10;86;860;15;731
7;bimestre;presenza;Agosto;10;86;860;15;731
7;bimestre;presenza;Settembre;10;86;860;15;731
7;bimestre;presenza;Ottobre;9;86;774;15;657,90
7;bimestre;presenza;Novembre;8;86;688;15;584,80
7;bimestre;presenza;Dicembre;7;86;602;15;511,70
7;bimestre;remoto;Gennaio;6;81;486;10;437,40
7;bimestre;remoto;Febbraio;5;81;405;10;364,50
7;bimestre;remoto;Marzo;4;81;324;10;291,60
7;bimestre;remoto;Aprile;3;81;243;10;218,70
7;bimestre;remoto;Maggio;2;81;162;10;145,80
7;bimestre;remoto;Giugno;1;81;81;10;72,90
7;bimestre;remoto;Luglio;10;81;810;15;688,50
7;bimestre;remoto;Agosto;10;81;810;15;688,50
7;bimestre;remoto;Settembre;10;81;810;15;688,50
7;bimestre;remoto;Ottobre;9;81;729;15;619,65
7;bimestre;remoto;Novembre;8;81;648;15;550,80
7;bimestre;remoto;Dicembre;7;81;567;15;481,95
7;mensile;presenza;Gennaio;6;102;612;10;550,80
7;mensile;presenza;Febbraio;5;102;510;10;459
7;mensile;presenza;Marzo;4;102;408;10;367,20
7;mensile;presenza;Aprile;3;102;306;10;275,40
7;mensile;presenza;Maggio;2;102;204;10;183,60
7;mensile;presenza;Giugno;1;102;102;10;91,80
7;mensile;presenza;Luglio;10;102;1020;15;867
7;mensile;presenza;Agosto;10;102;1020;15;867
7;mensile;presenza;Settembre;10;102;1020;15;867
7;mensile;presenza;Ottobre;9;102;918;15;780,30
7;mensile;presenza;Novembre;8;102;816;15;693,60
7;mensile;presenza;Dicembre;7;102;714;15;606,90
7;mensile;remoto;Gennaio;6;92;552;10;496,80
7;mensile;remoto;Febbraio;5;92;460;10;414
7;mensile;remoto;Marzo;4;92;368;10;331,20
7;mensile;remoto;Aprile;3;92;276;10;248,40
7;mensile;remoto;Maggio;2;92;184;10;165,60
7;mensile;remoto;Giugno;1;92;92;10;82,80
7;mensile;remoto;Luglio;10;92;920;15;782
7;mensile;remoto;Agosto;10;92;920;15;782
7;mensile;remoto;Settembre;10;92;920;15;782
7;mensile;remoto;Ottobre;9;92;828;15;703,80
7;mensile;remoto;Novembre;8;92;736;15;625,60
7;mensile;remoto;Dicembre;7;92;644;15;547,40
7;bisettimanale;presenza;Gennaio;6;130;780;10;702
7;bisettimanale;presenza;Febbraio;5;130;650;10;585
7;bisettimanale;presenza;Marzo;4;130;520;10;468
7;bisettimanale;presenza;Aprile;3;130;390;10;351
7;bisettimanale;presenza;Maggio;2;130;260;10;234
7;bisettimanale;presenza;Giugno;1;130;130;10;117
7;bisettimanale;presenza;Luglio;10;130;1300;15;1105
7;bisettimanale;presenza;Agosto;10;130;1300;15;1105
7;bisettimanale;presenza;Settembre;10;130;1300;15;1105
7;bisettimanale;presenza;Ottobre;9;130;1170;15;994,50
7;bisettimanale;presenza;Novembre;8;130;1040;15;884
7;bisettimanale;presenza;Dicembre;7;130;910;15;773,50
7;bisettimanale;remoto;Gennaio;6;111;666;10;599,40
7;bisettimanale;remoto;Febbraio;5;111;555;10;499,50
7;bisettimanale;remoto;Marzo;4;111;444;10;399,60
7;bisettimanale;remoto;Aprile;3;111;333;10;299,70
7;bisettimanale;remoto;Maggio;2;111;222;10;199,80
7;bisettimanale;remoto;Giugno;1;111;111;10;99,90
7;bisettimanale;remoto;Luglio;10;111;1110;15;943,50
7;bisettimanale;remoto;Agosto;10;111;1110;15;943,50
7;bisettimanale;remoto;Settembre;10;111;1110;15;943,50
7;bisettimanale;remoto;Ottobre;9;111;999;15;849,15
7;bisettimanale;remoto;Novembre;8;111;888;15;754,80
7;bisettimanale;remoto;Dicembre;7;111;777;15;660,45
7;settimanale;presenza;Gennaio;6;183;1098;10;988,20
7;settimanale;presenza;Febbraio;5;183;915;10;823,50
7;settimanale;presenza;Marzo;4;183;732;10;658,80
7;settimanale;presenza;Aprile;3;183;549;10;494,10
7;settimanale;presenza;Maggio;2;183;366;10;329,40
7;settimanale;presenza;Giugno;1;183;183;10;164,70
7;settimanale;presenza;Luglio;10;183;1830;15;1555,50
7;settimanale;presenza;Agosto;10;183;1830;15;1555,50
7;settimanale;presenza;Settembre;10;183;1830;15;1555,50
7;settimanale;presenza;Ottobre;9;183;1647;15;1399,95
7;settimanale;presenza;Novembre;8;183;1464;15;1244,40
7;settimanale;presenza;Dicembre;7;183;1281;15;1088,85
7;settimanale;remoto;Gennaio;6;147;882;10;793,80
7;settimanale;remoto;Febbraio;5;147;735;10;661,50
7;settimanale;remoto;Marzo;4;147;588;10;529,20
7;settimanale;remoto;Aprile;3;147;441;10;396,90
7;settimanale;remoto;Maggio;2;147;294;10;264,60
7;settimanale;remoto;Giugno;1;147;147;10;132,30
7;settimanale;remoto;Luglio;10;147;1470;15;1249,50
7;settimanale;remoto;Agosto;10;147;1470;15;1249,50
7;settimanale;remoto;Settembre;10;147;1470;15;1249,50
7;settimanale;remoto;Ottobre;9;147;1323;15;1124,55
7;settimanale;remoto;Novembre;8;147;1176;15;999,60
7;settimanale;remoto;Dicembre;7;147;1029;15;874,65
